-- MySQL dump 10.13  Distrib 8.0.17, for Win64 (x86_64)
--
-- Host: localhost    Database: acme-jobs
-- ------------------------------------------------------
-- Server version	8.0.17

/*!40101 SET @OLD_CHARACTER_SET_CLIENT=@@CHARACTER_SET_CLIENT */;
/*!40101 SET @OLD_CHARACTER_SET_RESULTS=@@CHARACTER_SET_RESULTS */;
/*!40101 SET @OLD_COLLATION_CONNECTION=@@COLLATION_CONNECTION */;
/*!50503 SET NAMES utf8 */;
/*!40103 SET @OLD_TIME_ZONE=@@TIME_ZONE */;
/*!40103 SET TIME_ZONE='+00:00' */;
/*!40014 SET @OLD_UNIQUE_CHECKS=@@UNIQUE_CHECKS, UNIQUE_CHECKS=0 */;
/*!40014 SET @OLD_FOREIGN_KEY_CHECKS=@@FOREIGN_KEY_CHECKS, FOREIGN_KEY_CHECKS=0 */;
/*!40101 SET @OLD_SQL_MODE=@@SQL_MODE, SQL_MODE='NO_AUTO_VALUE_ON_ZERO' */;
/*!40111 SET @OLD_SQL_NOTES=@@SQL_NOTES, SQL_NOTES=0 */;

--
-- Table structure for table `administrator`
--

DROP TABLE IF EXISTS `administrator`;
/*!40101 SET @saved_cs_client     = @@character_set_client */;
/*!50503 SET character_set_client = utf8mb4 */;
CREATE TABLE `administrator` (
  `id` int(11) NOT NULL,
  `version` int(11) NOT NULL,
  `user_account_id` int(11) DEFAULT NULL,
  PRIMARY KEY (`id`),
  KEY `FK_2a5vcjo3stlfcwadosjfq49l1` (`user_account_id`),
  CONSTRAINT `FK_2a5vcjo3stlfcwadosjfq49l1` FOREIGN KEY (`user_account_id`) REFERENCES `user_account` (`id`)
) ENGINE=InnoDB DEFAULT CHARSET=utf8mb4 COLLATE=utf8mb4_0900_ai_ci;
/*!40101 SET character_set_client = @saved_cs_client */;

--
-- Dumping data for table `administrator`
--

LOCK TABLES `administrator` WRITE;
/*!40000 ALTER TABLE `administrator` DISABLE KEYS */;
INSERT INTO `administrator` VALUES (194,0,193);
/*!40000 ALTER TABLE `administrator` ENABLE KEYS */;
UNLOCK TABLES;

--
-- Table structure for table `announcement`
--

DROP TABLE IF EXISTS `announcement`;
/*!40101 SET @saved_cs_client     = @@character_set_client */;
/*!50503 SET character_set_client = utf8mb4 */;
CREATE TABLE `announcement` (
  `id` int(11) NOT NULL,
  `version` int(11) NOT NULL,
  `moment` datetime(6) DEFAULT NULL,
  `more_info` varchar(255) DEFAULT NULL,
  `text` varchar(255) DEFAULT NULL,
  `title` varchar(255) DEFAULT NULL,
  PRIMARY KEY (`id`),
  KEY `IDXnhikaa2dj3la6o2o7e9vo01y0` (`moment`)
) ENGINE=InnoDB DEFAULT CHARSET=utf8mb4 COLLATE=utf8mb4_0900_ai_ci;
/*!40101 SET character_set_client = @saved_cs_client */;

--
-- Dumping data for table `announcement`
--

LOCK TABLES `announcement` WRITE;
/*!40000 ALTER TABLE `announcement` DISABLE KEYS */;
INSERT INTO `announcement` VALUES (205,0,'2019-10-03 08:35:00.000000',NULL,'This is a description','Sample announcement 01'),(206,0,'2019-06-03 08:35:00.000000','https://twitter.com/','This is a description 2','Sample announcement 02'),(207,0,'2019-11-03 09:35:00.000000',NULL,'This is a description 3','Sample announcement 03');
/*!40000 ALTER TABLE `announcement` ENABLE KEYS */;
UNLOCK TABLES;

--
-- Table structure for table `anonymous`
--

DROP TABLE IF EXISTS `anonymous`;
/*!40101 SET @saved_cs_client     = @@character_set_client */;
/*!50503 SET character_set_client = utf8mb4 */;
CREATE TABLE `anonymous` (
  `id` int(11) NOT NULL,
  `version` int(11) NOT NULL,
  `user_account_id` int(11) DEFAULT NULL,
  PRIMARY KEY (`id`),
  KEY `FK_6lnbc6fo3om54vugoh8icg78m` (`user_account_id`),
  CONSTRAINT `FK_6lnbc6fo3om54vugoh8icg78m` FOREIGN KEY (`user_account_id`) REFERENCES `user_account` (`id`)
) ENGINE=InnoDB DEFAULT CHARSET=utf8mb4 COLLATE=utf8mb4_0900_ai_ci;
/*!40101 SET character_set_client = @saved_cs_client */;

--
-- Dumping data for table `anonymous`
--

LOCK TABLES `anonymous` WRITE;
/*!40000 ALTER TABLE `anonymous` DISABLE KEYS */;
INSERT INTO `anonymous` VALUES (192,0,191);
/*!40000 ALTER TABLE `anonymous` ENABLE KEYS */;
UNLOCK TABLES;

--
-- Table structure for table `answer`
--

DROP TABLE IF EXISTS `answer`;
/*!40101 SET @saved_cs_client     = @@character_set_client */;
/*!50503 SET character_set_client = utf8mb4 */;
CREATE TABLE `answer` (
  `id` int(11) NOT NULL,
  `version` int(11) NOT NULL,
  `answer` varchar(255) DEFAULT NULL,
  `password` varchar(255) DEFAULT NULL,
  `track_id` varchar(255) DEFAULT NULL,
  `application_id` int(11) DEFAULT NULL,
  PRIMARY KEY (`id`),
  KEY `FKqiviwk3b1rfidhy9cajsblq37` (`application_id`),
  CONSTRAINT `FKqiviwk3b1rfidhy9cajsblq37` FOREIGN KEY (`application_id`) REFERENCES `application` (`id`)
) ENGINE=InnoDB DEFAULT CHARSET=utf8mb4 COLLATE=utf8mb4_0900_ai_ci;
/*!40101 SET character_set_client = @saved_cs_client */;

--
-- Dumping data for table `answer`
--

LOCK TABLES `answer` WRITE;
/*!40000 ALTER TABLE `answer` DISABLE KEYS */;
INSERT INTO `answer` VALUES (470,0,'ans','paa.1ttttttttttt--22',NULL,469);
/*!40000 ALTER TABLE `answer` ENABLE KEYS */;
UNLOCK TABLES;

--
-- Table structure for table `application`
--

DROP TABLE IF EXISTS `application`;
/*!40101 SET @saved_cs_client     = @@character_set_client */;
/*!50503 SET character_set_client = utf8mb4 */;
CREATE TABLE `application` (
  `id` int(11) NOT NULL,
  `version` int(11) NOT NULL,
  `creation_moment` datetime(6) DEFAULT NULL,
  `justification` varchar(255) DEFAULT NULL,
  `qualifications` varchar(255) DEFAULT NULL,
  `reference_number` varchar(255) DEFAULT NULL,
  `skills` varchar(255) DEFAULT NULL,
  `statement` varchar(255) DEFAULT NULL,
  `status` varchar(255) DEFAULT NULL,
  `job_id` int(11) NOT NULL,
  `worker_id` int(11) NOT NULL,
  PRIMARY KEY (`id`),
  KEY `FKoa6p4s2oyy7tf80xwc4r04vh6` (`job_id`),
  KEY `FKmbjdoxi3o93agxosoate4sxbt` (`worker_id`),
  CONSTRAINT `FKmbjdoxi3o93agxosoate4sxbt` FOREIGN KEY (`worker_id`) REFERENCES `worker` (`id`),
  CONSTRAINT `FKoa6p4s2oyy7tf80xwc4r04vh6` FOREIGN KEY (`job_id`) REFERENCES `job` (`id`)
) ENGINE=InnoDB DEFAULT CHARSET=utf8mb4 COLLATE=utf8mb4_0900_ai_ci;
/*!40101 SET character_set_client = @saved_cs_client */;

--
-- Dumping data for table `application`
--

LOCK TABLES `application` WRITE;
/*!40000 ALTER TABLE `application` DISABLE KEYS */;
INSERT INTO `application` VALUES (238,0,'2019-01-24 10:35:00.000000',NULL,'qualification4','title1','skill1, skill3','Lorem','rejected',228,233),(239,0,'2019-09-24 08:00:00.000000',NULL,'qualification1, qualification2','title2','skill2','Lorem','pending',228,233),(240,0,'2019-10-24 08:00:00.000000',NULL,'qualification1','title3','skill1','Lorem','pending',230,233),(241,0,'2019-04-04 10:05:00.000000',NULL,'qualification3, qualification4','title4','skill4','Lorem','accepted',229,236),(242,0,'2019-09-11 07:30:00.000000',NULL,'qualification3','title5','skill3, skill4','Lorem','accepted',230,236),(469,0,'2020-01-07 12:05:23.994000',NULL,'qua','EEEE-JJJJ:WWWWX','skill','sta','pending',467,233);
/*!40000 ALTER TABLE `application` ENABLE KEYS */;
UNLOCK TABLES;

--
-- Table structure for table `audit_record`
--

DROP TABLE IF EXISTS `audit_record`;
/*!40101 SET @saved_cs_client     = @@character_set_client */;
/*!50503 SET character_set_client = utf8mb4 */;
CREATE TABLE `audit_record` (
  `id` int(11) NOT NULL,
  `version` int(11) NOT NULL,
  `body` varchar(255) DEFAULT NULL,
  `moment` datetime(6) DEFAULT NULL,
  `status` int(11) DEFAULT NULL,
  `title` varchar(255) DEFAULT NULL,
  `auditor_id` int(11) NOT NULL,
  PRIMARY KEY (`id`),
  KEY `FKdcrrgv6rkfw2ruvdja56un4ji` (`auditor_id`),
  CONSTRAINT `FKdcrrgv6rkfw2ruvdja56un4ji` FOREIGN KEY (`auditor_id`) REFERENCES `auditor` (`id`)
) ENGINE=InnoDB DEFAULT CHARSET=utf8mb4 COLLATE=utf8mb4_0900_ai_ci;
/*!40101 SET character_set_client = @saved_cs_client */;

--
-- Dumping data for table `audit_record`
--

LOCK TABLES `audit_record` WRITE;
/*!40000 ALTER TABLE `audit_record` DISABLE KEYS */;
/*!40000 ALTER TABLE `audit_record` ENABLE KEYS */;
UNLOCK TABLES;

--
-- Table structure for table `auditor`
--

DROP TABLE IF EXISTS `auditor`;
/*!40101 SET @saved_cs_client     = @@character_set_client */;
/*!50503 SET character_set_client = utf8mb4 */;
CREATE TABLE `auditor` (
  `id` int(11) NOT NULL,
  `version` int(11) NOT NULL,
  `user_account_id` int(11) DEFAULT NULL,
  `firm` varchar(255) DEFAULT NULL,
  `responsabilty_statement` varchar(255) DEFAULT NULL,
  PRIMARY KEY (`id`),
  KEY `FK_clqcq9lyspxdxcp6o4f3vkelj` (`user_account_id`),
  CONSTRAINT `FK_clqcq9lyspxdxcp6o4f3vkelj` FOREIGN KEY (`user_account_id`) REFERENCES `user_account` (`id`)
) ENGINE=InnoDB DEFAULT CHARSET=utf8mb4 COLLATE=utf8mb4_0900_ai_ci;
/*!40101 SET character_set_client = @saved_cs_client */;

--
-- Dumping data for table `auditor`
--

LOCK TABLES `auditor` WRITE;
/*!40000 ALTER TABLE `auditor` DISABLE KEYS */;
/*!40000 ALTER TABLE `auditor` ENABLE KEYS */;
UNLOCK TABLES;

--
-- Table structure for table `authenticated`
--

DROP TABLE IF EXISTS `authenticated`;
/*!40101 SET @saved_cs_client     = @@character_set_client */;
/*!50503 SET character_set_client = utf8mb4 */;
CREATE TABLE `authenticated` (
  `id` int(11) NOT NULL,
  `version` int(11) NOT NULL,
  `user_account_id` int(11) DEFAULT NULL,
  PRIMARY KEY (`id`),
  KEY `FK_h52w0f3wjoi68b63wv9vwon57` (`user_account_id`),
  CONSTRAINT `FK_h52w0f3wjoi68b63wv9vwon57` FOREIGN KEY (`user_account_id`) REFERENCES `user_account` (`id`)
) ENGINE=InnoDB DEFAULT CHARSET=utf8mb4 COLLATE=utf8mb4_0900_ai_ci;
/*!40101 SET character_set_client = @saved_cs_client */;

--
-- Dumping data for table `authenticated`
--

LOCK TABLES `authenticated` WRITE;
/*!40000 ALTER TABLE `authenticated` DISABLE KEYS */;
INSERT INTO `authenticated` VALUES (195,0,193),(214,0,211),(215,0,212),(216,0,213),(224,0,222),(227,0,225),(234,0,232),(237,0,235);
/*!40000 ALTER TABLE `authenticated` ENABLE KEYS */;
UNLOCK TABLES;

--
-- Table structure for table `challenge`
--

DROP TABLE IF EXISTS `challenge`;
/*!40101 SET @saved_cs_client     = @@character_set_client */;
/*!50503 SET character_set_client = utf8mb4 */;
CREATE TABLE `challenge` (
  `id` int(11) NOT NULL,
  `version` int(11) NOT NULL,
  `deadline` datetime(6) DEFAULT NULL,
  `description` varchar(255) DEFAULT NULL,
  `goal_bronze` varchar(255) DEFAULT NULL,
  `goal_gold` varchar(255) DEFAULT NULL,
  `goal_silver` varchar(255) DEFAULT NULL,
  `reward_bronze_amount` double DEFAULT NULL,
  `reward_bronze_currency` varchar(255) DEFAULT NULL,
  `reward_gold_amount` double DEFAULT NULL,
  `reward_gold_currency` varchar(255) DEFAULT NULL,
  `reward_silver_amount` double DEFAULT NULL,
  `reward_silver_currency` varchar(255) DEFAULT NULL,
  `title` varchar(255) DEFAULT NULL,
  PRIMARY KEY (`id`)
) ENGINE=InnoDB DEFAULT CHARSET=utf8mb4 COLLATE=utf8mb4_0900_ai_ci;
/*!40101 SET character_set_client = @saved_cs_client */;

--
-- Dumping data for table `challenge`
--

LOCK TABLES `challenge` WRITE;
/*!40000 ALTER TABLE `challenge` DISABLE KEYS */;
INSERT INTO `challenge` VALUES (201,0,'2020-10-10 17:10:00.000000','this is your first challenge','goal B','THE goal','goal S',30,'EUR',50,'EUR',40,'EUR','your first challenge'),(202,0,'2019-12-11 16:15:00.000000','this is your second challenge','goal B','THE goal','goal S',30,'EUR',50,'EUR',40,'EUR','your second challenge'),(203,0,'2100-12-10 19:00:00.000000','this is your last challenge','goal B','THE goal','goal S',30,'EUR',50,'EUR',40,'EUR','your third and last challenge :P');
/*!40000 ALTER TABLE `challenge` ENABLE KEYS */;
UNLOCK TABLES;

--
-- Table structure for table `challenge_test`
--

DROP TABLE IF EXISTS `challenge_test`;
/*!40101 SET @saved_cs_client     = @@character_set_client */;
/*!50503 SET character_set_client = utf8mb4 */;
CREATE TABLE `challenge_test` (
  `id` int(11) NOT NULL,
  `version` int(11) NOT NULL,
  `description` varchar(255) DEFAULT NULL,
  `more_info` varchar(255) DEFAULT NULL,
  `job_id` int(11) DEFAULT NULL,
  PRIMARY KEY (`id`),
  KEY `FK3nupxtb0v0in3aggts4d33cyi` (`job_id`),
  CONSTRAINT `FK3nupxtb0v0in3aggts4d33cyi` FOREIGN KEY (`job_id`) REFERENCES `job` (`id`)
) ENGINE=InnoDB DEFAULT CHARSET=utf8mb4 COLLATE=utf8mb4_0900_ai_ci;
/*!40101 SET character_set_client = @saved_cs_client */;

--
-- Dumping data for table `challenge_test`
--

LOCK TABLES `challenge_test` WRITE;
/*!40000 ALTER TABLE `challenge_test` DISABLE KEYS */;
INSERT INTO `challenge_test` VALUES (466,0,'des','https://facebook.com',465),(468,0,'des','https://facebook.com',467),(470,0,'des','https://facebook.com',469);
/*!40000 ALTER TABLE `challenge_test` ENABLE KEYS */;
UNLOCK TABLES;

--
-- Table structure for table `company_record`
--

DROP TABLE IF EXISTS `company_record`;
/*!40101 SET @saved_cs_client     = @@character_set_client */;
/*!50503 SET character_set_client = utf8mb4 */;
CREATE TABLE `company_record` (
  `id` int(11) NOT NULL,
  `version` int(11) NOT NULL,
  `ceoname` varchar(255) DEFAULT NULL,
  `description` varchar(255) DEFAULT NULL,
  `email` varchar(255) DEFAULT NULL,
  `incorporated` bit(1) NOT NULL,
  `name` varchar(255) DEFAULT NULL,
  `phone` varchar(255) DEFAULT NULL,
  `sector` varchar(255) DEFAULT NULL,
  `stars` int(11) DEFAULT NULL,
  `web` varchar(255) DEFAULT NULL,
  PRIMARY KEY (`id`)
) ENGINE=InnoDB DEFAULT CHARSET=utf8mb4 COLLATE=utf8mb4_0900_ai_ci;
/*!40101 SET character_set_client = @saved_cs_client */;

--
-- Dumping data for table `company_record`
--

LOCK TABLES `company_record` WRITE;
/*!40000 ALTER TABLE `company_record` DISABLE KEYS */;
INSERT INTO `company_record` VALUES (210,0,'DefaultCeoname01','DefaultDescription01','DefaultEmail01@DefaultDomain.com',_binary '','DefaultName01','664645707','DefaultSector01',3,'http://DefaultDomain01.com');
/*!40000 ALTER TABLE `company_record` ENABLE KEYS */;
UNLOCK TABLES;

--
-- Table structure for table `consumer`
--

DROP TABLE IF EXISTS `consumer`;
/*!40101 SET @saved_cs_client     = @@character_set_client */;
/*!50503 SET character_set_client = utf8mb4 */;
CREATE TABLE `consumer` (
  `id` int(11) NOT NULL,
  `version` int(11) NOT NULL,
  `user_account_id` int(11) DEFAULT NULL,
  `company` varchar(255) DEFAULT NULL,
  `sector` varchar(255) DEFAULT NULL,
  PRIMARY KEY (`id`),
  KEY `FK_6cyha9f1wpj0dpbxrrjddrqed` (`user_account_id`),
  CONSTRAINT `FK_6cyha9f1wpj0dpbxrrjddrqed` FOREIGN KEY (`user_account_id`) REFERENCES `user_account` (`id`)
) ENGINE=InnoDB DEFAULT CHARSET=utf8mb4 COLLATE=utf8mb4_0900_ai_ci;
/*!40101 SET character_set_client = @saved_cs_client */;

--
-- Dumping data for table `consumer`
--

LOCK TABLES `consumer` WRITE;
/*!40000 ALTER TABLE `consumer` DISABLE KEYS */;
/*!40000 ALTER TABLE `consumer` ENABLE KEYS */;
UNLOCK TABLES;

--
-- Table structure for table `descriptor`
--

DROP TABLE IF EXISTS `descriptor`;
/*!40101 SET @saved_cs_client     = @@character_set_client */;
/*!50503 SET character_set_client = utf8mb4 */;
CREATE TABLE `descriptor` (
  `id` int(11) NOT NULL,
  `version` int(11) NOT NULL,
  `description` varchar(255) DEFAULT NULL,
  PRIMARY KEY (`id`)
) ENGINE=InnoDB DEFAULT CHARSET=utf8mb4 COLLATE=utf8mb4_0900_ai_ci;
/*!40101 SET character_set_client = @saved_cs_client */;

--
-- Dumping data for table `descriptor`
--

LOCK TABLES `descriptor` WRITE;
/*!40000 ALTER TABLE `descriptor` DISABLE KEYS */;
/*!40000 ALTER TABLE `descriptor` ENABLE KEYS */;
UNLOCK TABLES;

--
-- Table structure for table `descriptor_duty`
--

DROP TABLE IF EXISTS `descriptor_duty`;
/*!40101 SET @saved_cs_client     = @@character_set_client */;
/*!50503 SET character_set_client = utf8mb4 */;
CREATE TABLE `descriptor_duty` (
  `descriptor_id` int(11) NOT NULL,
  `duties_id` int(11) NOT NULL,
  UNIQUE KEY `UK_kvr5rclgwa51d625rmx13ke96` (`duties_id`),
  KEY `FKqitedkrksd2w8qyp1fp5eao9f` (`descriptor_id`),
  CONSTRAINT `FK57eqqlhihwvd53ykpmsiqlx2p` FOREIGN KEY (`duties_id`) REFERENCES `duty` (`id`),
  CONSTRAINT `FKqitedkrksd2w8qyp1fp5eao9f` FOREIGN KEY (`descriptor_id`) REFERENCES `descriptor` (`id`)
) ENGINE=InnoDB DEFAULT CHARSET=utf8mb4 COLLATE=utf8mb4_0900_ai_ci;
/*!40101 SET character_set_client = @saved_cs_client */;

--
-- Dumping data for table `descriptor_duty`
--

LOCK TABLES `descriptor_duty` WRITE;
/*!40000 ALTER TABLE `descriptor_duty` DISABLE KEYS */;
/*!40000 ALTER TABLE `descriptor_duty` ENABLE KEYS */;
UNLOCK TABLES;

--
-- Table structure for table `duty`
--

DROP TABLE IF EXISTS `duty`;
/*!40101 SET @saved_cs_client     = @@character_set_client */;
/*!50503 SET character_set_client = utf8mb4 */;
CREATE TABLE `duty` (
  `id` int(11) NOT NULL,
  `version` int(11) NOT NULL,
  `description` varchar(255) DEFAULT NULL,
  `percentage` double DEFAULT NULL,
  `title` varchar(255) DEFAULT NULL,
  `job_id` int(11) NOT NULL,
  PRIMARY KEY (`id`),
  KEY `IDXis5k42gjhev7mhqajhcxlw4dv` (`percentage`),
  KEY `FKs2uoxh4i5ya8ptyefae60iao1` (`job_id`),
  CONSTRAINT `FKs2uoxh4i5ya8ptyefae60iao1` FOREIGN KEY (`job_id`) REFERENCES `job` (`id`)
) ENGINE=InnoDB DEFAULT CHARSET=utf8mb4 COLLATE=utf8mb4_0900_ai_ci;
/*!40101 SET character_set_client = @saved_cs_client */;

--
-- Dumping data for table `duty`
--

LOCK TABLES `duty` WRITE;
/*!40000 ALTER TABLE `duty` DISABLE KEYS */;
INSERT INTO `duty` VALUES (243,0,'Furulafurula',30,'Duty1',228),(244,0,'Esto es parte del trabajo',25,'Duty2',228),(245,0,'Esto es del trabajo 2',100,'Duty3',229),(246,0,'Esto es del trabajo 3',100,'Duty4',230),(247,0,'Esto es del trabajo 4',100,'Duty5',231);
/*!40000 ALTER TABLE `duty` ENABLE KEYS */;
UNLOCK TABLES;

--
-- Table structure for table `employer`
--

DROP TABLE IF EXISTS `employer`;
/*!40101 SET @saved_cs_client     = @@character_set_client */;
/*!50503 SET character_set_client = utf8mb4 */;
CREATE TABLE `employer` (
  `id` int(11) NOT NULL,
  `version` int(11) NOT NULL,
  `user_account_id` int(11) DEFAULT NULL,
  `company` varchar(255) DEFAULT NULL,
  `sector` varchar(255) DEFAULT NULL,
  PRIMARY KEY (`id`),
  KEY `FK_na4dfobmeuxkwf6p75abmb2tr` (`user_account_id`),
  CONSTRAINT `FK_na4dfobmeuxkwf6p75abmb2tr` FOREIGN KEY (`user_account_id`) REFERENCES `user_account` (`id`)
) ENGINE=InnoDB DEFAULT CHARSET=utf8mb4 COLLATE=utf8mb4_0900_ai_ci;
/*!40101 SET character_set_client = @saved_cs_client */;

--
-- Dumping data for table `employer`
--

LOCK TABLES `employer` WRITE;
/*!40000 ALTER TABLE `employer` DISABLE KEYS */;
INSERT INTO `employer` VALUES (223,0,222,'Employer 1, Inc','Sector 1'),(226,0,225,'Employer 2, Inc','Sector 2');
/*!40000 ALTER TABLE `employer` ENABLE KEYS */;
UNLOCK TABLES;

--
-- Table structure for table `hibernate_sequence`
--

DROP TABLE IF EXISTS `hibernate_sequence`;
/*!40101 SET @saved_cs_client     = @@character_set_client */;
/*!50503 SET character_set_client = utf8mb4 */;
CREATE TABLE `hibernate_sequence` (
  `next_val` bigint(20) DEFAULT NULL
) ENGINE=InnoDB DEFAULT CHARSET=utf8mb4 COLLATE=utf8mb4_0900_ai_ci;
/*!40101 SET character_set_client = @saved_cs_client */;

--
-- Dumping data for table `hibernate_sequence`
--

LOCK TABLES `hibernate_sequence` WRITE;
/*!40000 ALTER TABLE `hibernate_sequence` DISABLE KEYS */;
INSERT INTO `hibernate_sequence` VALUES (471);
/*!40000 ALTER TABLE `hibernate_sequence` ENABLE KEYS */;
UNLOCK TABLES;

--
-- Table structure for table `investor_record`
--

DROP TABLE IF EXISTS `investor_record`;
/*!40101 SET @saved_cs_client     = @@character_set_client */;
/*!50503 SET character_set_client = utf8mb4 */;
CREATE TABLE `investor_record` (
  `id` int(11) NOT NULL,
  `version` int(11) NOT NULL,
  `investing_statement` varchar(255) DEFAULT NULL,
  `name` varchar(255) DEFAULT NULL,
  `sector` varchar(255) DEFAULT NULL,
  `stars` double DEFAULT NULL,
  PRIMARY KEY (`id`)
) ENGINE=InnoDB DEFAULT CHARSET=utf8mb4 COLLATE=utf8mb4_0900_ai_ci;
/*!40101 SET character_set_client = @saved_cs_client */;

--
-- Dumping data for table `investor_record`
--

LOCK TABLES `investor_record` WRITE;
/*!40000 ALTER TABLE `investor_record` DISABLE KEYS */;
INSERT INTO `investor_record` VALUES (208,0,'In process','investorRecord01','Science',NULL),(209,0,'Lo siento, no se que hay que poner aquí','investorRecord02','Services',5);
/*!40000 ALTER TABLE `investor_record` ENABLE KEYS */;
UNLOCK TABLES;

--
-- Table structure for table `job`
--

DROP TABLE IF EXISTS `job`;
/*!40101 SET @saved_cs_client     = @@character_set_client */;
/*!50503 SET character_set_client = utf8mb4 */;
CREATE TABLE `job` (
  `id` int(11) NOT NULL,
  `version` int(11) NOT NULL,
  `deadline` datetime(6) DEFAULT NULL,
  `description` varchar(255) DEFAULT NULL,
  `final_mode` bit(1) NOT NULL,
  `more_info` varchar(255) DEFAULT NULL,
  `reference` varchar(255) DEFAULT NULL,
  `salary_amount` double DEFAULT NULL,
  `salary_currency` varchar(255) DEFAULT NULL,
  `title` varchar(255) DEFAULT NULL,
  `employer_id` int(11) NOT NULL,
  PRIMARY KEY (`id`),
  UNIQUE KEY `UK_7jmfdvs0b0jx7i33qxgv22h7b` (`reference`),
  KEY `IDXrr7tnj8h1bfv46pnsq6lwvxqd` (`deadline`,`final_mode`),
  KEY `FK3rxjf8uh6fh2u990pe8i2at0e` (`employer_id`),
  CONSTRAINT `FK3rxjf8uh6fh2u990pe8i2at0e` FOREIGN KEY (`employer_id`) REFERENCES `employer` (`id`)
) ENGINE=InnoDB DEFAULT CHARSET=utf8mb4 COLLATE=utf8mb4_0900_ai_ci;
/*!40101 SET character_set_client = @saved_cs_client */;

--
-- Dumping data for table `job`
--

LOCK TABLES `job` WRITE;
/*!40000 ALTER TABLE `job` DISABLE KEYS */;
INSERT INTO `job` VALUES (228,0,'2030-12-11 22:59:00.000000','Lorem ipsum sit dolor amet',_binary '','http://www.example.com','EMP1-JOB1',15000.98,'€','Title 1',223),(229,0,'2030-12-11 22:59:00.000000','Lorem ipsum sit dolor amet',_binary '','http://www.example.com','EMP1-JOB2',20000,'€','Title 2',226),(230,0,'2040-12-11 22:59:00.000000','Lorem ipsum sit dolor amet',_binary '','http://www.example.com','EMP2-JOB3',20000,'€','Title 3',223),(231,0,'2037-10-09 20:59:00.000000','Lorem ipsum sit dolor amet',_binary '\0','http://www.example.com','EMP1-JOB4',10000,'€','Title 4',223),(465,1,'2022-01-01 22:00:00.000000','des',_binary '','https://facebook.com','JOB1231',1234,'EUR','Title 1',223),(467,1,'2022-01-01 22:00:00.000000','des',_binary '','https://facebook.com','JOB1232',1234,'EUR','Title 22',223);
/*!40000 ALTER TABLE `job` ENABLE KEYS */;
UNLOCK TABLES;

--
-- Table structure for table `message`
--

DROP TABLE IF EXISTS `message`;
/*!40101 SET @saved_cs_client     = @@character_set_client */;
/*!50503 SET character_set_client = utf8mb4 */;
CREATE TABLE `message` (
  `id` int(11) NOT NULL,
  `version` int(11) NOT NULL,
  `body` varchar(255) DEFAULT NULL,
  `moment` datetime(6) DEFAULT NULL,
  `tags` varchar(255) DEFAULT NULL,
  `title` varchar(255) DEFAULT NULL,
  `message_thread_id` int(11) NOT NULL,
  PRIMARY KEY (`id`),
  KEY `FKn5adlx3oqjna7aupm8gwg3fuj` (`message_thread_id`),
  CONSTRAINT `FKn5adlx3oqjna7aupm8gwg3fuj` FOREIGN KEY (`message_thread_id`) REFERENCES `message_thread` (`id`)
) ENGINE=InnoDB DEFAULT CHARSET=utf8mb4 COLLATE=utf8mb4_0900_ai_ci;
/*!40101 SET character_set_client = @saved_cs_client */;

--
-- Dumping data for table `message`
--

LOCK TABLES `message` WRITE;
/*!40000 ALTER TABLE `message` DISABLE KEYS */;
INSERT INTO `message` VALUES (219,0,'Prueba numero 1','2019-06-04 08:45:00.000000','software,analista','Mensaje1',217),(220,0,'prueba numero 2','2019-06-05 08:45:00.000000','software,analista','Mensaje2',217),(221,0,'Prueba numero 3','2019-06-06 08:45:00.000000',NULL,'Mensaje3',218);
/*!40000 ALTER TABLE `message` ENABLE KEYS */;
UNLOCK TABLES;

--
-- Table structure for table `message_thread`
--

DROP TABLE IF EXISTS `message_thread`;
/*!40101 SET @saved_cs_client     = @@character_set_client */;
/*!50503 SET character_set_client = utf8mb4 */;
CREATE TABLE `message_thread` (
  `id` int(11) NOT NULL,
  `version` int(11) NOT NULL,
  `moment` datetime(6) DEFAULT NULL,
  `title` varchar(255) DEFAULT NULL,
  `users` varchar(255) DEFAULT NULL,
  PRIMARY KEY (`id`)
) ENGINE=InnoDB DEFAULT CHARSET=utf8mb4 COLLATE=utf8mb4_0900_ai_ci;
/*!40101 SET character_set_client = @saved_cs_client */;

--
-- Dumping data for table `message_thread`
--

LOCK TABLES `message_thread` WRITE;
/*!40000 ALTER TABLE `message_thread` DISABLE KEYS */;
INSERT INTO `message_thread` VALUES (217,0,'2019-06-03 08:35:00.000000','Hilo1','a'),(218,0,'2019-06-03 11:35:00.000000','Hilo2','b');
/*!40000 ALTER TABLE `message_thread` ENABLE KEYS */;
UNLOCK TABLES;

--
-- Table structure for table `message_thread_user_account`
--

DROP TABLE IF EXISTS `message_thread_user_account`;
/*!40101 SET @saved_cs_client     = @@character_set_client */;
/*!50503 SET character_set_client = utf8mb4 */;
CREATE TABLE `message_thread_user_account` (
  `message_thread_id` int(11) NOT NULL,
  `useraccount_id` int(11) NOT NULL,
  KEY `FKcsl6erkfjmaaiqw9niql8tday` (`useraccount_id`),
  KEY `FKtchis3o5qij98x87mty6hdk4d` (`message_thread_id`),
  CONSTRAINT `FKcsl6erkfjmaaiqw9niql8tday` FOREIGN KEY (`useraccount_id`) REFERENCES `user_account` (`id`),
  CONSTRAINT `FKtchis3o5qij98x87mty6hdk4d` FOREIGN KEY (`message_thread_id`) REFERENCES `message_thread` (`id`)
) ENGINE=InnoDB DEFAULT CHARSET=utf8mb4 COLLATE=utf8mb4_0900_ai_ci;
/*!40101 SET character_set_client = @saved_cs_client */;

--
-- Dumping data for table `message_thread_user_account`
--

LOCK TABLES `message_thread_user_account` WRITE;
/*!40000 ALTER TABLE `message_thread_user_account` DISABLE KEYS */;
INSERT INTO `message_thread_user_account` VALUES (217,211),(218,211),(218,212);
/*!40000 ALTER TABLE `message_thread_user_account` ENABLE KEYS */;
UNLOCK TABLES;

--
-- Table structure for table `offer`
--

DROP TABLE IF EXISTS `offer`;
/*!40101 SET @saved_cs_client     = @@character_set_client */;
/*!50503 SET character_set_client = utf8mb4 */;
CREATE TABLE `offer` (
  `id` int(11) NOT NULL,
  `version` int(11) NOT NULL,
  `deadline` datetime(6) DEFAULT NULL,
  `maxmoney_amount` double DEFAULT NULL,
  `maxmoney_currency` varchar(255) DEFAULT NULL,
  `minmoney_amount` double DEFAULT NULL,
  `minmoney_currency` varchar(255) DEFAULT NULL,
  `moment` datetime(6) DEFAULT NULL,
  `text` varchar(255) DEFAULT NULL,
  `ticker` varchar(255) DEFAULT NULL,
  `title` varchar(255) DEFAULT NULL,
  PRIMARY KEY (`id`),
  UNIQUE KEY `UK_iex7e8fs0fh89yxpcnm1orjkm` (`ticker`)
) ENGINE=InnoDB DEFAULT CHARSET=utf8mb4 COLLATE=utf8mb4_0900_ai_ci;
/*!40101 SET character_set_client = @saved_cs_client */;

--
-- Dumping data for table `offer`
--

LOCK TABLES `offer` WRITE;
/*!40000 ALTER TABLE `offer` DISABLE KEYS */;
INSERT INTO `offer` VALUES (199,0,'2040-07-11 08:35:00.000000',2000,'€',1000,'€','2019-06-11 08:34:00.000000','Description of offer 01','OERPU-98456','Sample Offer 01'),(200,0,'2041-07-11 08:35:00.000000',2400,'€',1000,'€','2019-06-12 08:34:00.000000','Description of offer 02','OEREU-94865','Sample Offer 02');
/*!40000 ALTER TABLE `offer` ENABLE KEYS */;
UNLOCK TABLES;

--
-- Table structure for table `parameter`
--

DROP TABLE IF EXISTS `parameter`;
/*!40101 SET @saved_cs_client     = @@character_set_client */;
/*!50503 SET character_set_client = utf8mb4 */;
CREATE TABLE `parameter` (
  `id` int(11) NOT NULL,
  `version` int(11) NOT NULL,
  `spamthreshold` double DEFAULT NULL,
  `spamwords` varchar(255) DEFAULT NULL,
  PRIMARY KEY (`id`)
) ENGINE=InnoDB DEFAULT CHARSET=utf8mb4 COLLATE=utf8mb4_0900_ai_ci;
/*!40101 SET character_set_client = @saved_cs_client */;

--
-- Dumping data for table `parameter`
--

LOCK TABLES `parameter` WRITE;
/*!40000 ALTER TABLE `parameter` DISABLE KEYS */;
INSERT INTO `parameter` VALUES (204,0,10,'sex, hardcore, viagra, cialis, nigeria, you`ve won, million dollar');
/*!40000 ALTER TABLE `parameter` ENABLE KEYS */;
UNLOCK TABLES;

--
-- Table structure for table `provider`
--

DROP TABLE IF EXISTS `provider`;
/*!40101 SET @saved_cs_client     = @@character_set_client */;
/*!50503 SET character_set_client = utf8mb4 */;
CREATE TABLE `provider` (
  `id` int(11) NOT NULL,
  `version` int(11) NOT NULL,
  `user_account_id` int(11) DEFAULT NULL,
  `company` varchar(255) DEFAULT NULL,
  `sector` varchar(255) DEFAULT NULL,
  PRIMARY KEY (`id`),
  KEY `FK_b1gwnjqm6ggy9yuiqm0o4rlmd` (`user_account_id`),
  CONSTRAINT `FK_b1gwnjqm6ggy9yuiqm0o4rlmd` FOREIGN KEY (`user_account_id`) REFERENCES `user_account` (`id`)
) ENGINE=InnoDB DEFAULT CHARSET=utf8mb4 COLLATE=utf8mb4_0900_ai_ci;
/*!40101 SET character_set_client = @saved_cs_client */;

--
-- Dumping data for table `provider`
--

LOCK TABLES `provider` WRITE;
/*!40000 ALTER TABLE `provider` DISABLE KEYS */;
/*!40000 ALTER TABLE `provider` ENABLE KEYS */;
UNLOCK TABLES;

--
-- Table structure for table `request`
--

DROP TABLE IF EXISTS `request`;
/*!40101 SET @saved_cs_client     = @@character_set_client */;
/*!50503 SET character_set_client = utf8mb4 */;
CREATE TABLE `request` (
  `id` int(11) NOT NULL,
  `version` int(11) NOT NULL,
  `deadline` datetime(6) DEFAULT NULL,
  `moment` datetime(6) DEFAULT NULL,
  `reward_amount` double DEFAULT NULL,
  `reward_currency` varchar(255) DEFAULT NULL,
  `text` varchar(255) DEFAULT NULL,
  `ticker` varchar(255) DEFAULT NULL,
  `title` varchar(255) DEFAULT NULL,
  PRIMARY KEY (`id`),
  UNIQUE KEY `UK_9mxq3powq8tqctclj0fbi2nih` (`ticker`)
) ENGINE=InnoDB DEFAULT CHARSET=utf8mb4 COLLATE=utf8mb4_0900_ai_ci;
/*!40101 SET character_set_client = @saved_cs_client */;

--
-- Dumping data for table `request`
--

LOCK TABLES `request` WRITE;
/*!40000 ALTER TABLE `request` DISABLE KEYS */;
INSERT INTO `request` VALUES (196,0,'2019-06-10 22:00:00.000000','2019-06-10 08:32:00.000000',1000,'EUR','This is the description of a request','RABCD-00000','Sample request 01'),(197,0,'2019-06-10 23:00:00.000000','2010-06-10 10:15:00.000000',200,'EUR','This is the description of another a request','RABCD-11111','Sample request 02'),(198,0,'2000-11-11 00:00:00.000000','2000-06-10 00:15:00.000000',500,'EUR','This is the description of an old request','RABCD-22222','Sample very old request 03');
/*!40000 ALTER TABLE `request` ENABLE KEYS */;
UNLOCK TABLES;

--
-- Table structure for table `rodriguez_bulletin`
--

DROP TABLE IF EXISTS `rodriguez_bulletin`;
/*!40101 SET @saved_cs_client     = @@character_set_client */;
/*!50503 SET character_set_client = utf8mb4 */;
CREATE TABLE `rodriguez_bulletin` (
  `id` int(11) NOT NULL,
  `version` int(11) NOT NULL,
  `company` varchar(255) DEFAULT NULL,
  `complexity` int(11) DEFAULT NULL,
  `project` varchar(255) DEFAULT NULL,
  PRIMARY KEY (`id`)
) ENGINE=InnoDB DEFAULT CHARSET=utf8mb4 COLLATE=utf8mb4_0900_ai_ci;
/*!40101 SET character_set_client = @saved_cs_client */;

--
-- Dumping data for table `rodriguez_bulletin`
--

LOCK TABLES `rodriguez_bulletin` WRITE;
/*!40000 ALTER TABLE `rodriguez_bulletin` DISABLE KEYS */;
/*!40000 ALTER TABLE `rodriguez_bulletin` ENABLE KEYS */;
UNLOCK TABLES;

--
-- Table structure for table `shater`
--

DROP TABLE IF EXISTS `shater`;
/*!40101 SET @saved_cs_client     = @@character_set_client */;
/*!50503 SET character_set_client = utf8mb4 */;
CREATE TABLE `shater` (
  `id` int(11) NOT NULL,
  `version` int(11) NOT NULL,
  `description` varchar(255) DEFAULT NULL,
  `track_id` varchar(255) DEFAULT NULL,
  `job_id` int(11) DEFAULT NULL,
  PRIMARY KEY (`id`),
  KEY `FK42y2ub4ogu0b1o1pkg6tm8uso` (`job_id`),
  CONSTRAINT `FK42y2ub4ogu0b1o1pkg6tm8uso` FOREIGN KEY (`job_id`) REFERENCES `job` (`id`)
) ENGINE=InnoDB DEFAULT CHARSET=utf8mb4 COLLATE=utf8mb4_0900_ai_ci;
/*!40101 SET character_set_client = @saved_cs_client */;

--
-- Dumping data for table `shater`
--

LOCK TABLES `shater` WRITE;
/*!40000 ALTER TABLE `shater` DISABLE KEYS */;
INSERT INTO `shater` VALUES (466,0,'dess','https://facebook.com',465),(468,0,'yh','https://facebook.com',467);
/*!40000 ALTER TABLE `shater` ENABLE KEYS */;
UNLOCK TABLES;

--
-- Table structure for table `shout`
--

DROP TABLE IF EXISTS `shout`;
/*!40101 SET @saved_cs_client     = @@character_set_client */;
/*!50503 SET character_set_client = utf8mb4 */;
CREATE TABLE `shout` (
  `id` int(11) NOT NULL,
  `version` int(11) NOT NULL,
  `author` varchar(255) DEFAULT NULL,
  `moment` datetime(6) DEFAULT NULL,
  `text` varchar(255) DEFAULT NULL,
  PRIMARY KEY (`id`)
) ENGINE=InnoDB DEFAULT CHARSET=utf8mb4 COLLATE=utf8mb4_0900_ai_ci;
/*!40101 SET character_set_client = @saved_cs_client */;

--
-- Dumping data for table `shout`
--

LOCK TABLES `shout` WRITE;
/*!40000 ALTER TABLE `shout` DISABLE KEYS */;
/*!40000 ALTER TABLE `shout` ENABLE KEYS */;
UNLOCK TABLES;

--
-- Table structure for table `spam`
--

DROP TABLE IF EXISTS `spam`;
/*!40101 SET @saved_cs_client     = @@character_set_client */;
/*!50503 SET character_set_client = utf8mb4 */;
CREATE TABLE `spam` (
  `id` int(11) NOT NULL,
  `version` int(11) NOT NULL,
  `spamthreshold` double DEFAULT NULL,
  `spamwords` varchar(255) DEFAULT NULL,
  PRIMARY KEY (`id`)
) ENGINE=InnoDB DEFAULT CHARSET=utf8mb4 COLLATE=utf8mb4_0900_ai_ci;
/*!40101 SET character_set_client = @saved_cs_client */;

--
-- Dumping data for table `spam`
--

LOCK TABLES `spam` WRITE;
/*!40000 ALTER TABLE `spam` DISABLE KEYS */;
INSERT INTO `spam` VALUES (14,3,1,'sex, hard core, viagra, cialis, nigeria, you`ve won, million dollar');
/*!40000 ALTER TABLE `spam` ENABLE KEYS */;
UNLOCK TABLES;

--
-- Table structure for table `user_account`
--

DROP TABLE IF EXISTS `user_account`;
/*!40101 SET @saved_cs_client     = @@character_set_client */;
/*!50503 SET character_set_client = utf8mb4 */;
CREATE TABLE `user_account` (
  `id` int(11) NOT NULL,
  `version` int(11) NOT NULL,
  `enabled` bit(1) NOT NULL,
  `identity_email` varchar(255) DEFAULT NULL,
  `identity_name` varchar(255) DEFAULT NULL,
  `identity_surname` varchar(255) DEFAULT NULL,
  `password` varchar(255) DEFAULT NULL,
  `username` varchar(255) DEFAULT NULL,
  PRIMARY KEY (`id`),
  UNIQUE KEY `UK_castjbvpeeus0r8lbpehiu0e4` (`username`)
) ENGINE=InnoDB DEFAULT CHARSET=utf8mb4 COLLATE=utf8mb4_0900_ai_ci;
/*!40101 SET character_set_client = @saved_cs_client */;

--
-- Dumping data for table `user_account`
--

LOCK TABLES `user_account` WRITE;
/*!40000 ALTER TABLE `user_account` DISABLE KEYS */;
INSERT INTO `user_account` VALUES (191,0,_binary '\0','john.doe@acme.com','John','Doe','$2a$05$Zw78ihhUy0T7Ep/hIFTRqOZIbVjgS8J12/RpVvLpvzSC7P8TZNCca','anonymous'),(193,0,_binary '','administrator@acme.com','Administrator','Acme.com','$2a$05$GbAtnxLLuaA/7bBBP6IjaOZ6smGepBNPjlthfot4jOrYJIeqvf6UW','administrator'),(211,0,_binary '','jose1@us.es','jose','one','$2a$05$ZF5LrX1mvDzZ5gU/yDFNnuDef7uyDnV3IUl.Dh17rsfk6jcw9gEeG','jose1'),(212,0,_binary '','jose2@us.es','jose','two','$2a$05$T8l7w434QO2K2N/XyFNmYeX9qAUVgjWcu6Q9eth2jL7IIXs.WvQ/m','jose2'),(213,0,_binary '','jose3@us.es','jose','three','$2a$05$VkMGyXSXVqleeHMQp0sqUeB8r0c0/b/lXYOYFadtAEQKD2qSH7BvC','jose3'),(222,0,_binary '','employer1@acme.com','Employer','One','$2a$05$MdGaWE8Ss6qdZlKjirRzLu5YjzIhFLqms2G.UudxzrOGxjGgVHudK','employer1'),(225,0,_binary '','employer2@acme.com','Employer2','One','$2a$05$Ttyw2uwgNuWPnNqQvweXDub5yhhfMzuTtuLHLz9NO5huHdCSJMPf6','employer2'),(232,0,_binary '','worker1@acme.com','Worker','One','$2a$05$L3cwZFQySqHy/u448Wu5MurlHb8L4iRNhdZU8HlbURfycRoGK4SNC','worker1'),(235,0,_binary '','worker2@acme.com','Worker','Two','$2a$05$RWF4lwJ28WcEGTP4kkDD5uHWMls6EgvnZ1V0nnnFJA5/QrZJ9T5W6','worker2');
/*!40000 ALTER TABLE `user_account` ENABLE KEYS */;
UNLOCK TABLES;

--
-- Table structure for table `worker`
--

DROP TABLE IF EXISTS `worker`;
/*!40101 SET @saved_cs_client     = @@character_set_client */;
/*!50503 SET character_set_client = utf8mb4 */;
CREATE TABLE `worker` (
  `id` int(11) NOT NULL,
  `version` int(11) NOT NULL,
  `user_account_id` int(11) DEFAULT NULL,
  `qualifications` varchar(255) DEFAULT NULL,
  `skills` varchar(255) DEFAULT NULL,
  PRIMARY KEY (`id`),
  KEY `FK_l5q1f33vs2drypmbdhpdgwfv3` (`user_account_id`),
  CONSTRAINT `FK_l5q1f33vs2drypmbdhpdgwfv3` FOREIGN KEY (`user_account_id`) REFERENCES `user_account` (`id`)
) ENGINE=InnoDB DEFAULT CHARSET=utf8mb4 COLLATE=utf8mb4_0900_ai_ci;
/*!40101 SET character_set_client = @saved_cs_client */;

--
-- Dumping data for table `worker`
--

LOCK TABLES `worker` WRITE;
/*!40000 ALTER TABLE `worker` DISABLE KEYS */;
INSERT INTO `worker` VALUES (233,0,232,'qualification1, qualification2','skill1, skill2'),(236,0,235,'qualification3, qualification4','skill3, skill4');
/*!40000 ALTER TABLE `worker` ENABLE KEYS */;
UNLOCK TABLES;
/*!40103 SET TIME_ZONE=@OLD_TIME_ZONE */;

/*!40101 SET SQL_MODE=@OLD_SQL_MODE */;
/*!40014 SET FOREIGN_KEY_CHECKS=@OLD_FOREIGN_KEY_CHECKS */;
/*!40014 SET UNIQUE_CHECKS=@OLD_UNIQUE_CHECKS */;
/*!40101 SET CHARACTER_SET_CLIENT=@OLD_CHARACTER_SET_CLIENT */;
/*!40101 SET CHARACTER_SET_RESULTS=@OLD_CHARACTER_SET_RESULTS */;
/*!40101 SET COLLATION_CONNECTION=@OLD_COLLATION_CONNECTION */;
/*!40111 SET SQL_NOTES=@OLD_SQL_NOTES */;

-- Dump completed on 2020-01-07 13:22:47
